{"IcoMoonType":"selection","icons":[{"icon":{"paths":["M864 0h-768c-52.8 0-96 43.2-96 96v832c0 52.8 43.2 96 96 96h768c52.8 0 96-43.2 96-96v-832c0-52.8-43.2-96-96-96zM832 896h-704v-768h704v768zM256 448h448v64h-448zM256 576h448v64h-448zM256 704h448v64h-448zM256 320h448v64h-448z"],"tags":["file-text","file","document","list","paper"],"defaultCode":59682,"grid":16,"attrs":[]},"attrs":[],"properties":{"ligatures":"file-text, file","name":"file-text","order":4,"id":35,"prevSize":32,"code":59682},"setIdx":0,"setId":1,"iconIdx":34},{"icon":{"paths":["M384 928c0 53.019-42.981 96-96 96s-96-42.981-96-96c0-53.019 42.981-96 96-96s96 42.981 96 96z","M1024 928c0 53.019-42.981 96-96 96s-96-42.981-96-96c0-53.019 42.981-96 96-96s96 42.981 96 96z","M1024 512v-384h-768c0-35.346-28.654-64-64-64h-192v64h128l48.074 412.054c-29.294 23.458-48.074 59.5-48.074 99.946 0 70.696 57.308 128 128 128h768v-64h-768c-35.346 0-64-28.654-64-64 0-0.218 0.014-0.436 0.016-0.656l831.984-127.344z"],"tags":["cart","purchase","ecommerce","shopping"],"defaultCode":59706,"grid":16,"attrs":[]},"attrs":[],"properties":{"ligatures":"cart, purchase","name":"cart","order":5,"id":59,"prevSize":32,"code":59706},"setIdx":0,"setId":1,"iconIdx":58},{"icon":{"paths":["M384 512h-320v-128h320v-128l192 192-192 192zM1024 0v832l-384 192v-192h-384v-256h64v192h320v-576l256-128h-576v256h-64v-320z"],"tags":["enter","signin","login"],"defaultCode":59923,"grid":16,"attrs":[]},"attrs":[],"properties":{"ligatures":"enter, signin","name":"enter","order":2,"id":276,"prevSize":32,"code":59923},"setIdx":0,"setId":1,"iconIdx":275},{"icon":{"paths":["M768 640v-128h-320v-128h320v-128l192 192zM704 576v256h-320v192l-384-192v-832h704v320h-64v-256h-512l256 128v576h256v-192z"],"tags":["exit","signout","logout","quit","close"],"defaultCode":59924,"grid":16,"attrs":[]},"attrs":[],"properties":{"ligatures":"exit, signout","name":"exit","order":3,"id":277,"prevSize":32,"code":59924},"setIdx":0,"setId":1,"iconIdx":276}],"height":1024,"metadata":{"name":"icomoon"},"preferences":{"showGlyphs":true,"showQuickUse":true,"showQuickUse2":true,"showSVGs":true,"fontPref":{"prefix":"icon-","metadata":{"fontFamily":"icomoon"},"metrics":{"emSize":1024,"baseline":6.25,"whitespace":50},"embed":false},"imagePref":{"prefix":"icon-","png":true,"useClassSelector":true,"color":0,"bgColor":16777215,"classSelector":".icon"},"historySize":50,"showCodes":true,"gridSize":16}}